<?xml version="1.0" encoding="UTF-8"?>

<!DOCTYPE mapper PUBLIC "-//mybatis.org//DTD Mapper 3.0//EN"
    "http://mybatis.org/dtd/mybatis-3-mapper.dtd">
    
<mapper namespace="com.teamone.project">
    <insert id="insertMembers" >
        INSERT into member(
            name, userid,  pwd, email, phone, admin)
        VALUES(
            #{name}, #{userid}, #{pwd}, #{email}, #{phone}, #{admin}
        )
    </insert>
    
    <select id="checkUserList" parameterType="java.util.HashMap" resultType="com.team.project.model.MemberModel">
    	SELECT * from member
    	WHERE 
    		userid=#{userid} and pwd=#{pwd} 		
    </select>

    <select id="selectMemberView" resultType="com.team.project.model.MemberModel">
    	SELECT * from member
    	WHERE 
    		userid=#{userid}           
    </select>

    <select id="conrfirmMember" resultType="com.team.project.model.MemberModel">
    	SELECT userid from member
    	WHERE 
    		userid=#{userid}           
    </select>
            
    <update id="updateMember">
    	UPDATE member 
    	SET
	    	pwd=#{pwd}, 
	    	email=#{email},
			phone=#{phone}, 
			admin=#{admin} 
		WHERE 
			userid=#{userid}   	
    </update>

</mapper>