<?xml version="1.0" encoding="UTF-8"?>

<!DOCTYPE mapper PUBLIC "-//mybatis.org//DTD Mapper 3.0//EN"
    "http://mybatis.org/dtd/mybatis-3-mapper.dtd">
    
<mapper namespace="com.teamone.project">
    <insert id="insertMessage" >
		INSERT into message(
			NUM, fromid, toid, content) 
		VALUES(
			MESSAGE_SEQ.nextval, #{fromid},	#{toid}, #{content})
    </insert>
    
    <select id="selectSentMessage" resultType="com.team.project.model.MessageModel">
    	SELECT 
    		num, toid, content, sendtime, readtime from message
    	WHERE 
    		fromid = #{id} order by num desc 		
    </select>

    <select id="selectMyMessage" resultType="com.team.project.model.MessageModel">
 		SELECT 
 			num, fromid, content, sendtime from message 
 		WHERE 
 			toid = #{id} and waste=0 and keep=0 order by num desc		
    </select>

    <select id="selectReadMessage" resultType="com.team.project.model.MessageModel">
 		SELECT 
 			* from message  
 		WHERE 
 			num = #{num}		
    </select>
    
    <update id="updateReadMessage">
    	UPDATE message 
    	SET
	    	readornot = 1, 
	    	readtime=sysdate 
		WHERE 
			num=#{num}   	
    </update>
    
    <select id="selectUnreadMessageCount">  
 		SELECT 
 			count(readornot) from message  
 		WHERE 
 			toid = #{id} and readornot=0								
    </select>
    


    <select id="selectMemberView" resultType="com.team.project.model.MemberModel">
    	SELECT * from member
    	WHERE 
    		userid=#{userid}           
    </select>

    <select id="conrfirmMember" resultType="com.team.project.model.MemberModel">
    	SELECT userid from member
    	WHERE 
    		userid=#{userid}           
    </select>
            
    <update id="updateMember">
    	UPDATE member 
    	SET
	    	pwd=#{pwd}, 
	    	email=#{email},
			phone=#{phone}, 
			admin=#{admin} 
		WHERE 
			userid=#{userid}   	
    </update>

</mapper>