<?xml version="1.0" encoding="UTF-8"?>

<!DOCTYPE mapper PUBLIC "-//mybatis.org//DTD Mapper 3.0//EN"
    "http://mybatis.org/dtd/mybatis-3-mapper.dtd">
    
<mapper namespace="com.teamone.project">
	<select id="selectAllReply" resultType="com.team.project.model.ReplyModel">
		SELECT * 
		FROM 
			re 
		ORDER BY num desc 
	</select>
	
    <insert id="insertReply" >
        insert into re(
			num, 
			pass, 
			name, 
			userid, 
			email, 
			title, 
			language, 
			content, 
			refile, 
			deadline, 
			cash
        )values(
            re_seq.nextval,
            #{pass},
            #{name},
            #{userid},
            #{email},
            #{title},            
            #{language},
            #{content},
            #{refile},
            #{deadline},
            #{cash}
        )    
    </insert>
    
    <select id="selectReadCount" >   	
    </select>
 
     <select id="checkPassWord" >   	
     	SELECT * 
		FROM 
			re 
		WHERE
			pass=#{pass} and num=#{num}    
    </select>
 
    
    <select id="selectReplyDetailsByNum" >
    	SELECT * 
		FROM 
			re 
		WHERE
			num=#{num}
    </select>

   <update id="updateReply" parameterType="com.team.project.model.ReplyModel">
   		UPDATE re 
   		SET
   			pass=#{pass}, 
   			name=#{name}, 
   			userid=#{userid}, 
			email=#{email},  
			title=#{title}, 
			language=#{language}, 
			content=#{content}, 
			reflie=#{reflie}, 
			deadline=#{deadline}, 
			cash=#{cash}
		WHERE 
			num=#{num}
    </update>
    
    <select id="deleteReply">
        DELETE
        FROM
            board_reply
        WHERE
            num=#{num}    
    </select>

    <select id="selectReplyList" >
    	SELECT * 
		FROM 
			re 
		ORDER BY num DESC     
    </select>
    
</mapper>